{"cameraMode":{"drawMode":0,"name":"Shaded","section":"Shading Mode"},"sceneLighting":false,"audioPlay":false,"sceneViewState":{"m_AlwaysRefresh":false,"showFog":true,"showSkybox":false,"showFlares":true,"showImageEffects":true,"showParticleSystems":true,"showVisualEffectGraphs":true,"m_FxEnabled":true},"in2DMode":false,"pivot":{"x":8.329999923706055,"y":19.596038818359376,"z":-0.800000011920929},"rotation":{"x":0.02730092965066433,"y":0.02098601870238781,"z":-0.0005784156965091825,"w":0.999419629573822},"size":10.940446853637696,"orthographic":false}