{"cameraMode":{"drawMode":0,"name":"Shaded","section":"Shading Mode"},"sceneLighting":false,"audioPlay":false,"sceneViewState":{"m_AlwaysRefresh":false,"showFog":true,"showSkybox":false,"showFlares":true,"showImageEffects":true,"showParticleSystems":true,"showVisualEffectGraphs":true,"m_FxEnabled":false},"in2DMode":false,"pivot":{"x":2.3282651901245119,"y":-0.037262603640556338,"z":5.1096978187561039},"rotation":{"x":-0.006299661472439766,"y":0.03809806704521179,"z":0.9992737174034119,"w":0.00019918536418117583},"size":7.494344711303711,"orthographic":false}