{"cameraMode":{"drawMode":0,"name":"Shaded","section":"Shading Mode"},"sceneLighting":false,"audioPlay":false,"sceneViewState":{"m_AlwaysRefresh":false,"showFog":true,"showSkybox":false,"showFlares":true,"showImageEffects":true,"showParticleSystems":true,"showVisualEffectGraphs":true,"m_FxEnabled":true},"in2DMode":false,"pivot":{"x":410.4983215332031,"y":272.1189880371094,"z":-1.9700927734375},"rotation":{"x":-0.020675405859947206,"y":0.035980384796857837,"z":0.0007419084431603551,"w":0.9991536140441895},"size":450.4325256347656,"orthographic":false}